Mes,Personal equiv./día,HH mensual,HH acumulada,% mensual,% acumulado
1,3.4375,825,825,0.034422330704718986,0.034422330704718986
2,2.225,534,1359,0.0222806358743272,0.056702966579046186
3,2.2,528,1887,0.02203029165102015,0.07873325823006634
4,2.7875,669,2556,0.02791338089873576,0.10664663912880211
5,6.7875000000000005,1629.0000000000002,4185,0.06796845662786333,0.17461509575666542
6,10.975,2634,6819,0.10990111403179371,0.28451620978845915
7,11.6625,2799,9618,0.11678558017273752,0.40130178996119664
8,8.9125,2139,11757,0.08924771560896232,0.490549505570159
9,3.35,804,12561,0.03354612592314432,0.5240956314933033
10,4.0375,968.9999999999999,13530,0.04043059206408812,0.5645262235573915
11,3.075,738,14268,0.030792339466766804,0.5953185630241582
12,3.2625,783,15051,0.032669921141569656,0.6279884841657278
13,4.45,1068,16119,0.0445612717486544,0.6725497559143823
14,4.6375,1113,17232,0.04643885342345725,0.7189886093378395
15,2.7625,663,17895,0.027663036675428715,0.7466516460132683
16,1.8875,453,18348,0.018900988859682062,0.7655526348729503
17,2.575,618,18966,0.02578545500062586,0.7913380898735761
18,2.2625,543,19509,0.02265615220928777,0.813994242082864
19,4.2875000000000005,1029.0000000000002,20538,0.0429340342971586,0.8569282763800226
20,3.6,864,21402,0.036049568156214795,0.8929778445362373
21,3.6,864,22266,0.036049568156214795,0.9290274126924521
22,3.0375,729,22995,0.030416823131806235,0.9594442358242583
23,3.0375,729,23724,0.030416823131806235,0.9898610589560646
24,1.0125,243,23967,0.010138941043935411,1
