Item,Descripción,Rendimiento diario,Unidad,HH cuadrilla/día,N° cuadrillas,Personal equiv./día,Mes inicio,Mes fin,Mes 1,Mes 2,Mes 3,Mes 4,Mes 5,Mes 6,Mes 7,Mes 8,Mes 9,Mes 10,Mes 11,Mes 12,Mes 13,Mes 14,Mes 15,Mes 16,Mes 17,Mes 18,Mes 19,Mes 20,Mes 21,Mes 22,Mes 23,Mes 24,HH-mes acum.,Volumen roca fija,Rend. total efectivo,Días requeridos,Inicio real,Fin recalculado
1.01,Movilización y desmovilización de equipo,1,GLB,9,1,1.125,1,1,1.125,0,0,0,0,0,0,0,0,0,0,0,0,0,0,0,0,0,0,0,0,0,0,0,270,,,,,
1.02,Topografía y georreferenciación,0.5,KM/día,5,1,0.625,1,24,0.625,0.625,0.625,0.625,0.625,0.625,0.625,0.625,0.625,0.625,0.625,0.625,0.625,0.625,0.625,0.625,0.625,0.625,0.625,0.625,0.625,0.625,0.625,0.625,3600,,,,,
1.03,Mantenimiento de tránsito y seg. vial,1,MES,3.1,1,0.3875,1,24,0.3875,0.3875,0.3875,0.3875,0.3875,0.3875,0.3875,0.3875,0.3875,0.3875,0.3875,0.3875,0.3875,0.3875,0.3875,0.3875,0.3875,0.3875,0.3875,0.3875,0.3875,0.3875,0.3875,0.3875,2232,,,,,
1.04,Campamento y patio de máquinas,50,M2/día,6.2,1,0.775,1,2,0.775,0.775,0,0,0,0,0,0,0,0,0,0,0,0,0,0,0,0,0,0,0,0,0,0,372,,,,,
1.05,Cartel de obra 2.40 x 3.60 m,1,UND/día,4.2,1,0.525,1,1,0.525,0,0,0,0,0,0,0,0,0,0,0,0,0,0,0,0,0,0,0,0,0,0,0,126,,,,,
2.01,Desbroce y limpieza en zonas no boscosas,0.25,HA/día,3.5,1,0.4375,2,3,0,0.4375,0.4375,0,0,0,0,0,0,0,0,0,0,0,0,0,0,0,0,0,0,0,0,0,210,,,,,
2.02,Excavación en tierra suelta,750,M3/día,6,1,0.75,3,7,0,0,0.75,0.75,0.75,0.75,0.75,0,0,0,0,0,0,0,0,0,0,0,0,0,0,0,0,0,900,,,,,
2.03,Excavación en roca suelta,400,M3/día,6,1,0.75,4,7,0,0,0,0.75,0.75,0.75,0.75,0,0,0,0,0,0,0,0,0,0,0,0,0,0,0,0,0,720,,,,,
2.04,Excavación en roca fija,112854.85,M3/día,10,6,7.5,5,8,0,0,0,0,4,7.5,7.5,6.25,0,0,0,0,0,0,0,0,0,0,0,0,0,0,0,0,6060,112854.85,677129.1000000001,1,46425,46425
2.05,Terraplenes con material propio,450,M3/día,5.5,1,0.6875,6,10,0,0,0,0,0,0.6875,0.6875,0.6875,0.6875,0.6875,0,0,0,0,0,0,0,0,0,0,0,0,0,0,825,,,,,
2.06,Terraplenes con material de cantera,350,M3/día,5.5,1,0.6875,7,11,0,0,0,0,0,0,0.6875,0.6875,0.6875,0.6875,0.6875,0,0,0,0,0,0,0,0,0,0,0,0,0,825,,,,,
2.07,Mejoramiento a nivel de subrasante,2100,M2/día,5.5,1,0.6875,9,12,0,0,0,0,0,0,0,0,0.6875,0.6875,0.6875,0.6875,0,0,0,0,0,0,0,0,0,0,0,0,660,,,,,
2.08,Conformación y acomodo de DME,550,M3/día,2.2,1,0.275,4,10,0,0,0,0.275,0.275,0.275,0.275,0.275,0.275,0.275,0,0,0,0,0,0,0,0,0,0,0,0,0,0,461.99999999999994,,,,,
2.09,Perfilado y compactado en zonas de corte,1850,M2/día,5.5,1,0.6875,10,13,0,0,0,0,0,0,0,0,0,0.6875,0.6875,0.6875,0.6875,0,0,0,0,0,0,0,0,0,0,0,660,,,,,
3.01,Subbase Granular (e=0.20 m),550,M3/día,7,1,0.875,12,15,0,0,0,0,0,0,0,0,0,0,0,0.875,0.875,0.875,0.875,0,0,0,0,0,0,0,0,0,840,,,,,
3.02,Base Granular (e=0.20 m),600,M3/día,7,1,0.875,14,17,0,0,0,0,0,0,0,0,0,0,0,0,0,0.875,0.875,0.875,0.875,0,0,0,0,0,0,0,840,,,,,
3.03,Instalación de planta de asfalto y chancadora,1,GLB,15,1,1.875,13,14,0,0,0,0,0,0,0,0,0,0,0,0,1.875,1.875,0,0,0,0,0,0,0,0,0,0,900,,,,,
4.01,Imprimación Asfáltica,7500,M2/día,5.5,1,0.6875,17,19,0,0,0,0,0,0,0,0,0,0,0,0,0,0,0,0,0.6875,0.6875,0.6875,0,0,0,0,0,495,,,,,
4.02,Riego de Liga,10000,M2/día,4.5,1,0.5625,18,21,0,0,0,0,0,0,0,0,0,0,0,0,0,0,0,0,0,0.5625,0.5625,0.5625,0.5625,0,0,0,540,,,,,
4.03,Pavimento de concreto asfáltico en caliente,2000,M2/día,12,1,1.5,19,23,0,0,0,0,0,0,0,0,0,0,0,0,0,0,0,0,0,0,1.5,1.5,1.5,1.5,1.5,0,1800,,,,,
4.04,Cemento Asfáltico Modificado con Polímeros,600,GLN/día,4.2,1,0.525,19,23,0,0,0,0,0,0,0,0,0,0,0,0,0,0,0,0,0,0,0.525,0.525,0.525,0.525,0.525,0,630,,,,,
