Item,Descripción de la Partida,Unid.,Rendimiento Diario (Día),Capataz (hh),Operario (hh),Oficial (hh),Peón (hh),Equipos / Maquinaria Principal,N° Cuadrillas Estimadas,Ruta Crítica,Rendimiento Total Efectivo,Personal Equivalente / Día,Observación
1.01,Movilización y desmovilización de equipo,GLB,1.00,1,2,2,4,"Cama baja, Tráiler",1,Sí,1,1.125,
1.02,Topografía y georreferenciación,KM/día,0.50,1,1,1,2,"Estación Total, GPS Diferencial",1,Sí,0.5,0.625,
1.03,Mantenimiento de tránsito y seg. vial,MES,1.00,0.1,0,1,2,"Camioneta, Señalización temporal",1,Sí,1,0.3875,
1.04,Campamento y patio de máquinas,M2/día,50.00,0.2,1,1,4,"Herramientas manuales, Camión",1,No,50,0.775,
1.05,Cartel de obra 2.40 x 3.60 m,UND/día,1.00,0.2,1,1,2,Herramientas manuales,1,No,1,0.525,
2.01,Desbroce y limpieza en zonas no boscosas,HA/día,0.25,0.5,1,0,2,"Tractor de Orugas D8T, Cargador",1,Sí,0.25,0.4375,
2.02,Excavación en tierra suelta,M3/día,750.00,1,2,1,2,"Excavadora 220HP, 4 Camiones Volquete 15m3",1,Sí,750,0.75,
2.03,Excavación en roca suelta,M3/día,400.00,1,2,1,2,"Excavadora c/ Martillo, Volquetes",1,Sí,400,0.75,
2.04,Excavación en roca fija,M3/día,112854.85,1,3,2,4,"Compresora, Perforadora, Volquetes",6,Sí,677129.1000000001,7.5,"Recalculado por volumen 112,854.85 m³, 14 días de retraso y 75% de eficiencia. Rendimiento por cuadrilla = 187.50 m³/día; 6 cuadrillas; capacidad total = 1,125 m³/día; personal equivalente = 7.5 personas/día."
2.05,Terraplenes con material propio,M3/día,450.00,0.5,2,1,2,"Motoniveladora, Rodillo 10T, Camión Cister.",1,No,450,0.6875,
2.06,Terraplenes con material de cantera,M3/día,350.00,0.5,2,1,2,"Cargador, Motoniveladora, Rodillo, Volquetes",1,No,350,0.6875,
2.07,Mejoramiento a nivel de subrasante,M2/día,2100.00,0.5,2,1,2,"Motoniveladora, Rodillo, Cister.",1,No,2100,0.6875,
2.08,Conformación y acomodo de DME,M3/día,550.00,0.2,1,0,1,"Tractor de Orugas, Motoniveladora",1,No,550,0.275,
2.09,Perfilado y compactado en zonas de corte,M2/día,1850.00,0.5,2,1,2,"Motoniveladora, Rodillo Lisa 10T",1,Sí,1850,0.6875,
3.01,Subbase Granular (e=0.20 m),M3/día,550.00,1,2,1,3,"Motoniveladora, Rodillo 12T, Cister., Volquetes",1,Sí,550,0.875,
3.02,Base Granular (e=0.20 m),M3/día,600.00,1,2,1,3,"Motoniveladora, Rodillo 12T, Cister., Volquetes",1,Sí,600,0.875,
3.03,Instalación de planta de asfalto y chancadora,GLB,1.00,1,4,4,6,"Grúa 30T, Herramientas especiales",1,No,1,1.875,
4.01,Imprimación Asfáltica,M2/día,7500.00,0.5,1,1,3,Camión Imprimador / Cisterna de Asfalto,1,Sí,7500,0.6875,
4.02,Riego de Liga,M2/día,10000.00,0.5,1,1,2,Camión Imprimador,1,No,10000,0.5625,
4.03,Pavimento de concreto asfáltico en caliente,M2/día,2000.00,1,4,2,5,"Pavimentadora (Finisher), Rodillo Neumático, Rodillo Tándem",1,Sí,2000,1.5,
4.04,Cemento Asfáltico Modificado con Polímeros,GLN/día,600.00,0.2,1,1,2,Planta de Asfalto / Tanque de Almacenamiento,1,Sí,600,0.525,
